<?xml version="1.0" encoding="UTF-8"?>
<!DOCTYPE mapper PUBLIC "-//mybatis.org//DTD Mapper 3.0//EN" "http://mybatis.org/dtd/mybatis-3-mapper.dtd">
<mapper namespace=".dao.com.hand.web.dao.ChooseDao">

    <resultMap type=".entity.Choose" id="ChooseMap">
        <result property="id" column="id" jdbcType="INTEGER"/>
        <result property="title" column="title" jdbcType="VARCHAR"/>
        <result property="content" column="content" jdbcType="VARCHAR"/>
    </resultMap>

    <!--查询单个-->
    <select id="queryById" resultMap="ChooseMap">
        select
          id, title, content
        from team01.choose
        where id = #{id}
    </select>

    <!--查询指定行数据-->
    <select id="queryAllByLimit" resultMap="ChooseMap">
        select
          id, title, content
        from team01.choose
        limit #{offset}, #{limit}
    </select>

    <!--通过实体作为筛选条件查询-->
    <select id="queryAll" resultMap="ChooseMap">
        select
          id, title, content
        from team01.choose
        <where>
            <if test="id != null">
                and id = #{id}
            </if>
            <if test="title != null and title != ''">
                and title = #{title}
            </if>
            <if test="content != null and content != ''">
                and content = #{content}
            </if>
        </where>
    </select>

    <!--新增所有列-->
    <insert id="insert" keyProperty="id" useGeneratedKeys="true">
        insert into team01.choose(title, content)
        values (#{title}, #{content})
    </insert>

    <!--通过主键修改数据-->
    <update id="update">
        update team01.choose
        <set>
            <if test="title != null and title != ''">
                title = #{title},
            </if>
            <if test="content != null and content != ''">
                content = #{content},
            </if>
        </set>
        where id = #{id}
    </update>

    <!--通过主键删除-->
    <delete id="deleteById">
        delete from team01.choose where id = #{id}
    </delete>

</mapper>