<?xml version="1.0" encoding="UTF-8"?>
<!DOCTYPE mapper PUBLIC "-//mybatis.org//DTD Mapper 3.0//EN" "http://mybatis.org/dtd/mybatis-3-mapper.dtd">
<mapper namespace=".dao.com.hand.web.dao.JavaeeTeamDao">

    <resultMap type=".entity.JavaeeTeam" id="JavaeeTeamMap">
        <result property="teamId" column="team_id" jdbcType="INTEGER"/>
        <result property="teamDesc" column="team_desc" jdbcType="VARCHAR"/>
        <result property="teamIcon" column="team_icon" jdbcType="VARCHAR"/>
        <result property="teamName" column="team_name" jdbcType="VARCHAR"/>
        <result property="teamSlogen" column="team_slogen" jdbcType="VARCHAR"/>
        <result property="teamState" column="team_state" jdbcType="VARCHAR"/>
        <result property="createTime" column="create_time" jdbcType="OTHER"/>
        <result property="createUser" column="create_user" jdbcType="VARCHAR"/>
        <result property="updateTime" column="update_time" jdbcType="OTHER"/>
        <result property="updateUser" column="update_user" jdbcType="VARCHAR"/>
        <result property="deleted" column="deleted" jdbcType="INTEGER"/>
        <result property="version" column="version" jdbcType="INTEGER"/>
        <result property="teamCity" column="team_city" jdbcType="VARCHAR"/>
    </resultMap>

    <!--查询单个-->
    <select id="queryById" resultMap="JavaeeTeamMap">
        select
          team_id, team_desc, team_icon, team_name, team_slogen, team_state, create_time, create_user, update_time, update_user, deleted, version, team_city
        from team01.javaee_team
        where team_id = #{teamId}
    </select>

    <!--查询指定行数据-->
    <select id="queryAllByLimit" resultMap="JavaeeTeamMap">
        select
          team_id, team_desc, team_icon, team_name, team_slogen, team_state, create_time, create_user, update_time, update_user, deleted, version, team_city
        from team01.javaee_team
        limit #{offset}, #{limit}
    </select>

    <!--通过实体作为筛选条件查询-->
    <select id="queryAll" resultMap="JavaeeTeamMap">
        select
          team_id, team_desc, team_icon, team_name, team_slogen, team_state, create_time, create_user, update_time, update_user, deleted, version, team_city
        from team01.javaee_team
        <where>
            <if test="teamId != null">
                and team_id = #{teamId}
            </if>
            <if test="teamDesc != null and teamDesc != ''">
                and team_desc = #{teamDesc}
            </if>
            <if test="teamIcon != null and teamIcon != ''">
                and team_icon = #{teamIcon}
            </if>
            <if test="teamName != null and teamName != ''">
                and team_name = #{teamName}
            </if>
            <if test="teamSlogen != null and teamSlogen != ''">
                and team_slogen = #{teamSlogen}
            </if>
            <if test="teamState != null and teamState != ''">
                and team_state = #{teamState}
            </if>
            <if test="createTime != null">
                and create_time = #{createTime}
            </if>
            <if test="createUser != null and createUser != ''">
                and create_user = #{createUser}
            </if>
            <if test="updateTime != null">
                and update_time = #{updateTime}
            </if>
            <if test="updateUser != null and updateUser != ''">
                and update_user = #{updateUser}
            </if>
            <if test="deleted != null">
                and deleted = #{deleted}
            </if>
            <if test="version != null">
                and version = #{version}
            </if>
            <if test="teamCity != null and teamCity != ''">
                and team_city = #{teamCity}
            </if>
        </where>
    </select>

    <!--新增所有列-->
    <insert id="insert" keyProperty="teamId" useGeneratedKeys="true">
        insert into team01.javaee_team(team_desc, team_icon, team_name, team_slogen, team_state, create_time, create_user, update_time, update_user, deleted, version, team_city)
        values (#{teamDesc}, #{teamIcon}, #{teamName}, #{teamSlogen}, #{teamState}, #{createTime}, #{createUser}, #{updateTime}, #{updateUser}, #{deleted}, #{version}, #{teamCity})
    </insert>

    <!--通过主键修改数据-->
    <update id="update">
        update team01.javaee_team
        <set>
            <if test="teamDesc != null and teamDesc != ''">
                team_desc = #{teamDesc},
            </if>
            <if test="teamIcon != null and teamIcon != ''">
                team_icon = #{teamIcon},
            </if>
            <if test="teamName != null and teamName != ''">
                team_name = #{teamName},
            </if>
            <if test="teamSlogen != null and teamSlogen != ''">
                team_slogen = #{teamSlogen},
            </if>
            <if test="teamState != null and teamState != ''">
                team_state = #{teamState},
            </if>
            <if test="createTime != null">
                create_time = #{createTime},
            </if>
            <if test="createUser != null and createUser != ''">
                create_user = #{createUser},
            </if>
            <if test="updateTime != null">
                update_time = #{updateTime},
            </if>
            <if test="updateUser != null and updateUser != ''">
                update_user = #{updateUser},
            </if>
            <if test="deleted != null">
                deleted = #{deleted},
            </if>
            <if test="version != null">
                version = #{version},
            </if>
            <if test="teamCity != null and teamCity != ''">
                team_city = #{teamCity},
            </if>
        </set>
        where team_id = #{teamId}
    </update>

    <!--通过主键删除-->
    <delete id="deleteById">
        delete from team01.javaee_team where team_id = #{teamId}
    </delete>

</mapper>